Algoritmo,Tempo(s),Distancia,Nos
BFS,0.0005676746368408203,112,3
Dijkstra,0.0008187294006347656,76,8
A*,0.0008966922760009766,76,8
