Algoritmo,Tempo(s),Distancia(m)
BFS,0.0010099411010742188,3957.156075721529
Dijkstra,0.008369684219360352,3625.566304479633
A*,0.013184547424316406,3625.566304479633
